Sail,Boat Name,Helm Name,Race 1,Race 2,Race 3,Race 4,Race 5,Race 6
ILCA-211420,Fast Forward,John Doe,1,3,2,1,DNS,1
ILCA-198450,Sea Biscuit,Jane Smith,2,1,4,3,1,DNC
ILCA-205600,Knot A Clew,Bob Jones,3,2,1,2,2,OCS
ILCA-185310,Wind Whisperer,Alice Green,4,DNF,3,4,3,2
ILCA-220115,Bullet,Charlie Brown,5,4,5,UFD,4,3
ILCA-177432,Hull Speed,David Miller,6,5,BFD,5,5,4
ILCA-191822,Overlap,Emily Davis,7,6,6,6,6,5
ILCA-203401,Starboard,Frank Wilson,8,7,7,7,7,6
ILCA-189945,Port Tack,Grace Taylor,9,8,8,8,8,7
ILCA-214400,Gybe King,Henry Thomas,10,9,9,9,9,8
ILCA-165311,Lee Bow,Isabella White,11,10,10,10,10,9
ILCA-208854,Vang Guard,Jack Jackson,12,11,11,11,11,10
