Student ID,Full Name,Department,Major,Enrollment Date,Current GPA,Status
CU-2026-001,Carson Alexander,Engineering,Computer Science,2023-09-01,3.85,Active
CU-2026-002,Meredith Alonso,Arts,Fine Arts,2022-09-01,3.4,Active
CU-2026-003,Arturo Anand,Engineering,Software Engineering,2023-09-01,3.9,Active
CU-2026-004,Gytis Barzdukas,Economics,Macroeconomics,2022-09-01,3.15,Probation
CU-2026-005,Peggy Justice,Engineering,Civil Engineering,2021-09-01,2.8,Active
CU-2026-006,Laura Norman,Economics,Microeconomics,2023-09-01,3.75,Active
CU-2026-007,Nino Olivetto,Arts,Music,2021-09-01,3.65,Active
CU-2026-008,Peggy Avery,Science,Chemistry,2024-09-01,3.2,Active
CU-2026-009,John Doe,Science,Physics,2024-09-01,3.95,Active
CU-2026-010,Jane Smith,Engineering,Mechanical Engineering,2023-09-01,3.1,Active
CU-2026-011,Alice Johnson,Arts,Graphic Design,2022-09-01,3.5,Suspended
CU-2026-012,Bob Martinez,Economics,Finance,2021-09-01,2.9,Active
CU-2026-013,Charlie Brown,Science,Biology,2024-09-01,3.7,Active
CU-2026-014,David Miller,Engineering,Electrical Engineering,2023-09-01,3.45,Active
CU-2026-015,Eva Davis,Arts,History,2022-09-01,3.6,Active
CU-2026-016,Frank Wilson,Economics,International Business,2021-09-01,3.3,Active
CU-2026-017,Grace Taylor,Engineering,Computer Science,2023-09-01,3.88,Active
CU-2026-018,Henry Thomas,Science,Mathematics,2024-09-01,4.0,Active
CU-2026-019,Ivy White,Arts,Literature,2022-09-01,3.25,Active
CU-2026-020,Jack Black,Economics,Marketing,2021-09-01,3.05,Probation
